text,target
COMMEND ME TY,0
sorry nex,0
what is the best soup?,0
man that silence on axe,0
not coming into play,0
my storm also cry,0
20mins scythe on od,0
ty pudge,0
only me ,0
for farming a lot,0
this game,0
happy new year,0
passive heross here,0
ty],0
SLOW HAND TINKER,0
WTf?,0
counter more,0
how many more x3 mins do we have to wait,0
that was more lucky than ur kill ðŸ˜‚:D,0
report sf and lycan,0
dont forget report lycan and sf,0
000000000-5   NICE FEDD,0
NICE FEDDDD,0
fED FED ,0
really?,0
that bug,0
ff pls ,0
i will commend u sniper if u commend me too,0
has gem walked intio bomb ,0
report wk,0
apparently,0
and then,0
my team,0
and I am a support,0
??? lol now pause,0
why all russian are so dirty player,0
reported Viper please,0
that's why they have a turbo now,0
team reported and afk ,0
o,0
its fat,0
Commend Troll,0
which killed me,0
check this,0
these bashes,0
from the offlane,0
i missed the hill,0
rof,0
CHERT,0
idk what teals talking abou,0
or feed?,0
u know that?,0
how to change aggro :D,0
what a world we live in,0
nice one,0
cant win game,0
now u pick counter vs me,0
mind topo?,0
but my teammates wont to kill u((9(,0
report alche plz,0
withh 600 avg gpm,0
music to my ears,0
never chat all at early kids,0
you guys were winning early game,0
techies matanme ,0
techies go kill yourself,0
techies makes the game boring,0
Nah just other route,0
oh right,0
switch off my cheats,0
0reaction team 0 def team 0 info team pls ff enmys,0
shadow fiend,0
what,0
"i'm really not, sry man",0
IM PASSIVBE EHHE,0
please,0
COMEND PLZ,0
AND JUNGLE,0
hhe,0
first pick,0
its best for you to leave,0
They cant understand you,0
please,0
strictly bussiness,0
COMEND MID ,0
try hard ^^,0
so try hard,0
its a prank,0
TA EBAL TVOU ROT,0
Ragnaros is life,0
>Game is Hard,0
why even try?,0
basher void ,0
every game he picks omni 5 pos,0
rofl,0
they blame me,0
Read he name,0
he braindead?,0
rip english,0
worth?,0
worth?,0
losing to herald bro,0
then what r u jug,0
what happened to your mid?,0
why make am so fat,0
i rich what,0
radian victory,0
Currently In-GameDota 2Join Game,0
solo carry team,0
unbelievable how people can be so bad to lose thsi game,0
nice fair matchmaking,0
Even treads on agi,0
clock,0
one curse and you boys run?,0
end please,0
this is undying,0
how often,0
ez predicted pango,0
REPORT URSA,0
feeed me more,0
these*,0
and storm spends more time typing than anything else,0
ill sit in base,0
did anything except feed lol,0
sounds good,0
who kept whining,0
yes we know that,0
Just pretend the man doesn't exist...,0
cool,0
People,0
"ck you need to study, half your senteces make no sense",0
that was a 3v1 too?,0
thats what your mum said,0
we are late game,0
why you play whis shit heroes,0
reported pa ,0
ill out retard your feed dont worry,0
report alch for not having 0.25 seconds per atk,0
he's good,0
Cancer sup,0
SHOULD I STAY OR SHOULD I GO NOW,0
Nice rosh ,0
party???,0
RREI RREI VEI PEI JONGE',0
i dont know,0
report him,0
ply sup,0
we really,0
team respect him,0
pheonix ,0
omg the pheonix plays :D,0
im going to hook,0
antimage and axe,0
1v3 fore what,0
go next ty,0
please,0
how are these ranks equal?,0
felt bad right?,0
U CARE?!?!?,0
THANK YOU FOR IMPROVING THE DOTA 2 COMMUNITY,0
that feel so good,0
my team doesnt deserve to get out of lp,0
or whatever,0
stop it,0
anyway tinker counter your teamate but u counter me,0
RATAS TODOS,0
i will show this game to all my support,0
how to win,0
Thanks,0
can win,0
report pudge,0
lol I was talking to my brother,0
Report pudge,0
dont touch my support,0
very nice safelane,0
nice first kill,0
Comeback is real,0
random on ranekd match,0
you look right cause I was left,0
I look left cause u aint right,0
hey divine,0
commend tatu boila,0
call roshan,0
i know what u feel,0
i hate doin this,0
alreadyt,0
balanced af,0
this hero is broken,0
playing with legend,0
person i have ever played with,0
he predictedf it,0
very interesting hero,0
u just saw erick wright guide,0
CHESTN,0
on afk,0
ty!,0
think about it,0
wher are they?,0
on block,0
u cant win why bother,0
And ur actually not,0
almost 1 shot,0
pls end my suffering,0
cant go as 5,0
thats it,0
wp ANother progress for decision making,0
AGORA TO BRABO,0
dont do that,0
please,0
didnt know how to deff,0
too much greedy!!,0
im not herald,0
pushh and end lmao,0
watching how i die then they due,0
gg wp team,0
why no bash on quop,0
my team lost,0
hes not my friend,0
pff sniper,0
REPORT BROOD TY,0
good to throw ,0
i`m leave and go watch certoon,0
thanks for game,0
Lol ty,0
pick techies = report omni hu3,0
encima dice thx techies,0
i win the round of whose got the bettter regen,0
please,0
dont touch my team,0
that costs 0 mana,0
still chases?,0
so i could burn u,0
pls come back,0
waste time,0
TIDE FARM,0
this my carry + midd,0
watch replay if ur confused,0
balls removed,0
report spectre please,0
you guys have pause already for 5 min +,0
hes not coming back,0
u guys arent gonna win this game,0
Pls report shadow demon,0
i played good but with this wk and riki,0
Report wk,0
easy,0
how have you guys not left?,0
thanks for eulsing me,0
commend swap,0
rofl tiny,0
clearly cheating,0
storm u rly so bad,0
accbuyer -_-,0
throne?,0
lol the lane.,0
Feed?,0
go soul ring instead of arcane,0
REPORT AMM GG,0
thanks,0
english pls,0
Why isnt necro mid also?,0
bara or creep ?,0
rofl,0
outplayed,0
I HAVE NO TAIM ,0
bird is the word guys,0
really,0
ty pud,0
ain thelping him,0
serious,0
top ?,0
wtf is that hero,0
go to bed,0
Clock Clock Clock Clock Clock Clock Clock ,0
Clock Clock Clock Clock Clock Clock Clock ,0
Do you know the wey,0
Do you know the wey,0
TEAM?,0
u dont need english to win dota,0
i tried to ,0
in this moment??,0
he is an axe though,0
he doesnt have souls,0
its ok,0
ez top by the way,0
swap commend ty,0
EXCEPT ME ALL MY TEAM IS PRO,0
so the point of the game is to NEVER protect pos 1 ?N,0
Report am please,0
please,0
ff pls ,0
The cancer lancer,0
witch fedeer,0
come wars,0
1 and 1/2,0
guess were reporting them all for unpausing,0
x miss ghost ship :))),0
this medusa,0
WHAT NOW,0
learn a real language,0
my eyes closed,0
U guys worth to win,0
where is march?,0
u can do better just ass blocking mate,0
what u all still wanna do lol,0
any problem with dark lord?,0
dk with no ,0
tiny has been banned,0
worth,0
worth it,0
really wworth it,0
"roses are red, violets are not, i snatched up baby madeline, right up out of her cot",0
FOR MARKING ME AND TA,0
he is off,0
learning it the hard way,0
in game now,0
u done nothing,0
try more pls,0
that slark was so sily in start game....,0
easiest sf of my life,0
worth,0
let me show u the wey,0
thats a gottum ,0
0 arrow,0
COMMED,0
play with the creeps,0
i played solo,0
wp malo-fets,0
rS,0
lol to help bot,0
i wanted a kill ;(,0
What,0
easy,0
that would be you,0
to be honest you didnt have impact in this game,0
My internet will go down at like 20 mins and you can all spam KARMARMAKRKM in all chat,0
that's full house,0
OK?,0
first time computer,0
smurfing as clinkz :D,0
why by,0
Really ?,0
shame on you bro,0
rep tech,0
THE DIFFUSAL WORKS,0
abaddon watchthere ,0
ok thx,0
Coming from you,0
You,0
Report Pan,0
team roshan,0
currently in game,0
report team,0
please,0
gg close game,0
king of the low,0
commend bh 18 assist =(,0
REPORT CLOK FLAMER,0
sorry :C,0
can we end?,0
and just play,0
only es bane and sky?,0
(Console): Report submitted: Thank you for helping to improve the Dota 2 community.,0
10/10 would lane 1v1 vs brew again XD,0
how es bane and luna can't handle brew,0
es and bane were looking to fight non stop,0
you picked four melees,0
stop it pls,0
me team report,0
why,0
fast ,0
lol esse weaver,0
thats it haha,0
lol 3rd times the charm,0
how many times are you gonna miss,0
how many times are you gonna miss,0
he just know control armlet,0
he is pro,0
this sf so bad,0
he always need mroe farm,0
wr also shakle me:D,0
wp team,0
we have nice mid and carry,0
thot,0
ty brat,0
14years OLD,0
nc abed,0
how tinker lost this game,0
u know arise,0
sf 1 soul,0
go throne,0
i got to play with 4 animals,0
u are biggest animal for allchatting x),0
and my help,0
ew! carry TT on support!,0
to our yurnero player,0
cant play jugg,0
i love you sweatheart,0
nice items alch LOL,0
lich full sup for defeat,0
cant see properly,0
U can finish ,0
rubick support clock hard and od whos max astral ,0
void pick too good,0
ty for stack,0
u want their pos?,0
Well played clinkz,0
this team ' we cant end quick',0
christian,0
oh great,0
party?,0
commend the mine,0
report lion ty ,0
Get a life,0
you laugh for nothing,0
report pa... wasting our time,0
rofl,0
4Head,0
what invo,0
wards sponsor,0
ALL THE WATN,0
COME,0
you are in middle of our towers,0
talking to the mooooooooon,0
Throw,0
i thrw this,0
bot,0
oKAY What ever Mna,0
thats no reason to pause,0
and whats that purpose?,0
help report him,0
can only can kill me with ur 2 bodyguards,0
sold items already?,0
ty am,0
thanks for rampadge,0
comend pls,0
nyx should learn from u,0
peru is the best,0
everything is gonna be ok,0
Don't worry,0
why you afk top mag?,0
Currently In-GameDota 2,0
refresh,0
Good luck & have fun!,0
TREPORT WAVER Y WIN,0
u have anti-bkb team?,0
hate,0
he is with us,0
"Mega creeps, gg wp",0
Report him,0
our cores decided against showing up,0
we have 5 cores,0
and look up what tryhard means ,0
es offlane,0
the irony,0
gg thanks bois,0
tis ahrd,0
nuice ward,0
rofl,0
commend pudge,0
"no, slark won the game, u can all see it",0
only this stun on u in last fight can recognized by the nicest move of this game,0
in safe time,0
this slark talks too much,0
i was bad this game  btw,0
let me and invo ,0
Dont come top again poop man,0
all of you on 5hp,0
sir it was calculated,0
COMEBACK SIR,0
woah there,0
dial it back to an 11 there mate,0
just win ./.. i dont' care,0
it's the only explanation LOL,0
uses stick = luck?,0
we been 4 since dk abandon at minute 4,0
whawt on drow?,0
pls wait thx,0
can't own him,0
farm all of time,0
look at my techies,0
4v5 whole game,0
commend omak,0
everywhere,0
why,0
GG earth you win it game,0
thx pudge,0
see that ?,0
why you push,0
so im waiting for u to finish,0
He come,0
rep bh an pudge,0
you waste time,0
he isnt still here,0
your time tho,0
outplayed,0
how did you like my cricket,0
commend roaming ck,0
report treant sf?,0
beast ulted,0
give him a clap,0
what wr no mid,0
mother fucer,0
not useful for me now,0
your team,0
slow brains,0
your dead slowest,0
trying to be witty arent' we?,0
so what happend?,0
dont mind be guys i am just gono chill here,0
clock mvp,0
by sfs,0
what?,0
wait my ult then,0
and i have no team,0
to take your base,0
"m,y necro bought a 50 minute radiance",0
really,0
poor country,0
rubick buy wards in ths mode,0
yeah playing with illu,0
roaming clock,0
"Go to play Stardew Valley wk, and learn how to farm",0
reprot blue and orange,0
CM AL,0
he lost ur off,0
ze old walk it off,0
in this glorious 2018,0
Doesn't matter if my team or enemy,0
what a spell,0
in dream,0
Currently Offline,0
srly,0
ty for waiting,0
he is mongol,0
whu ,0
WELCOME TO WELL,0
nice throw,0
how are you my friend,0
ye hes the best,0
best cartoon EU,0
ITS OK,0
Trash invo,0
he crash?,0
d2 crash ?,0
cat burned,0
AFK ,0
dont fight,0
what u doing?,0
i will rp this brood,0
just noticed they removed the poor mans sheild lol,0
SO IT DIESNT CHASE?,0
happy new year,0
everything is possible,0
buy more wards,0
networth,0
CLINK COME,0
nice hurricane,0
why so many come here,0
rofl,0
please :),0
what is mmr ?,0
and global feeding,0
and alch too,0
3 deaths,0
tactical distraction :v ,0
bb wants to farm ,0
that tidebringer crit,0
COMNET,0
easy,0
how lon,0
well come Home sniper,0
rofl,0
who is your offlane,0
and i did bettee thatn all other supports,0
u were worst carry,0
i was the slardar bane,0
that slark tho,0
slark man its polite to wait for them to return,0
party?,0
tomorrow will be good day,0
ITS  THE FISHHHH,0
jugg kept complaining about not being able to farm top,0
REPORT AERTSHAKER,0
report eart,0
why no et instead of tusk,0
im just makin sure they dotn win,0
so stfu and play,0
2- they are 1.5k mmr below me,0
i muted all 4 players in my team,0
intentional feed they calm down,0
game is hard,0
to deal with low carry,0
thats the play,0
guys there's how throw game,0
4 reports,0
rly ?,0
tried my best,0
what a game,0
ss has a problem with me,0
FULL TRAIN ,0
with 2 ee's,0
u can end it,0
For him,0
"he cant play, farm, talk",0
it is useless to play with this medusa,0
ty for ruin this game medusa,0
that pudge,0
dota cenima with arrows dude,0
put it on ytube pls,0
supported phoenix,0
bs hc,0
why bb,0
name of the ship,0
space ship,0
Rofl,0
go push items,0
a free win,0
end please,0
arcane on storm,0
Merry christmas and a lispy new year!,0
ROFL HE WAS GOING TO TAKE AEGIS,0
is my pudge gonna do sometihng,0
i hiea best,0
what?,0
much cute very strength ,0
tinker without aghs,0
THATS WHY WE LOST ,0
NO AGHS TINKER ,0
team is farming ,0
knowledge,0
game eazier without tinker,0
paiowhnfoawf,0
cna't push wihtout killing dumbasses,0
Leanr some game awareness zeus,0
1 HOUR CONNECTING,0
report me please,0
everything my fault,0
"If you find many cancer in your games, you are the cancer",0
hey,0
how much buy?,0
party?,0
worth,0
what you laughing for ? wind,0
ruin player,0
all reproetd pudge,0
ofoffofo,0
not wards in team,0
that game,0
WHAT IS THIS GAME,0
gg nice throw ,0
rly? D ,0
hoock,0
we just cant wait 20min for 1 afk wooden pc,0
he is still offline,0
do u think ppl want wait?,0
are they coming back?,0
he has 20 sec,0
finaly,0
in team,0
REPORT JUG,0
creep will end,0
big counter picker,0
report TA,0
worth?,0
when you drop your weapons in the end in cs go,0
INVOKER MEMEK,0
was fun mid tho,0
who ban arc?,0
why ban?,0
he coming,0
whats the matter,0
ive never played against a bad invoker before though,0
best tornado 2018,0
professional player,0
archer,0
it matters?,0
ofc... ,0
on ne snyal tebe 900 hp,0
scared of a fair match?,0
really ? me ?,0
4th pick2,0
the sloppy seconds of me taking his mid by force as the superior male,0
thx for game,0
REPORT LINA,0
you won the game,0
easy mid,0
party?,0
reported,0
aFK,0
im not your mate guy,0
his net is gone for a few minutes i think,0
that killed me once,0
they rank 200,0
hey,0
come to his rank ,0
wrong chat,0
when i saw you youre lvl 12,0
im only 9 ish,0
hows that displaying that your sf fed?,0
ty ,0
u sound like that,0
i am white,0
You are part of that peruvian team,0
my invis doesnt come off when i attack,0
cuz top was so ez,0
nagh hes flaming am for farming,0
without treads,0
congratz on win,0
could you guys plz end now],0
can we go for it ?,0
thinklin,0
its automatic system,0
it's all about safelane carry D:,0
you are boosting ? what exactly,0
or u are with them next game,0
and he willmake a carry maden with bf,0
Yall salty its 28-7 at 16 min ,0
that,0
throne,0
realyl puase ,0
a ti horow),0
worst players,0
just normal game all need learn,0
its balance game ?,0
imeant bot,0
he still stayed,0
sry 6500 player,0
forcestaff,0
can we end PLS BRO,0
it's my spirit animal,0
u r nearly devine,0
ty bottle,0
for saving world,0
REPORT MK FFS,0
COMEBACK,0
where are u creep,0
thats how much u will die,0
ruined my second game,0
just report them,0
won u the game,0
easy game ,0
who fed PL,0
commed my supp? ,0
that good,0
no bs you are nothing,0
bb fight with me 1vs1,0
wp everyone,0
have to hunt am at the beginning,0
report troolll,0
TINKER GO BM,0
OUR CM IS MORE FARMED THAN BB,0
pls come back ,0
show us ,0
comeback is real ,0
they cant ome back ,0
wow extension available for purchase ,0
fails of  the week,0
our 0-5 lina is bitching that im not hard supporting enough,0
:o,0
the comback,0
look lycion,0
report and ty pa,0
lol push bottom ,0
waited for brew?,0
you guys know lucas?,0
ggwp gl nex ttyea,0
merry xmas,0
i timed that well too ,0
and seeing you dance around,0
its pretty entertaining to have 0 help,0
Commend team,0
balacned hero i think,0
thank you,0
in my team,0
g next,0
void how you gonna take longer than an ogre magi to get a battlefury,0
come here,0
i'm top 200 brew dotabuff,0
ITS ME,0
THATS WHY YOU TRIED TO KS RIGHT?,0
to have some wards,0
its invisible?!/!,0
ty for feed,0
"ns ,s ybxt yt cltkfk",0
o it tickles me,0
for what?,0
ty for rapiers,0
ty x,0
up the secret shop,0
feed mid pls,0
thanks for waiting,0
my anus is itching,0
ITS THE BIG SHOWWWWWWWWWWWWWWWWW,0
WHAT THE ROCK,0
gl leveling with level 1 bolt,0
too late,0
REPORT TINKER,0
report sf ty,0
he only played dota this long so that in this one game he could dc,0
and laugh at how long we stay paused for him.,0
Report death pls,0
you are support though,0
eam,0
hes comeing back,0
lol chasin,0
report sf ty,0
how acn you be so lucky,0
and  lose me the game,0
rofl,0
sorry we don't speak dead languages,0
top eu players there,0
any words tree?,0
what is a meepo,0
anything else tbh,0
akhmed is it you?,0
how about we talk about this huskar,0
he's good right?,0
USE BLOODSTONE,0
I no longer like your build bh,0
it's ew,0
he is dead,0
well u would wait forever mate,0
if he actually killed himself,0
CANT LAST HIT ROFL,0
hes raging,0
ty for game,0
worth it,0
we lose this,0
HE WENT INSANE LIKE ME,0
IT HAPPENS WHEN YOU PLAY ON 2K FOR TOO LONG,0
you are being toxic now :thinking:,0
who are you talking to....,0
"yeah, no.  wasn't in your last game ",0
hey aa you do realzie we have a pa,0
you can only run for so long,0
storm stop feed plz,0
he cant take it,0
techies is a fine pick,0
is this -50?,0
for you,0
sniper best carry,0
"tell ya, he was upset there werent enough PV in this game",0
"its like a debased form of spanish, more so then mexican spanish",0
for the record,0
i woudl let him live,0
try,0
not even close bro,0
yeah but chaos is OP,0
4to ty budew,0
sorry but my team useing my shine alone,0
Faster as i can,0
for real?,0
this game :DDDDDDDDDD,0
f9 please,0
Pls f9,0
wait frn,0
please be nice,0
another one,0
bs player said?,0
two hearts sseemsgood,0
last 3 games not counted because of early abadons,0
u can't play vs superpudge,0
report team,0
numbers in your languea,0
this was a smoke,0
OSfrog,0
whats ur problem,0
well played sir deserved victory !,0
report zeus and necro,0
report zus and necro,0
He asked for a pause to recconect,0
just give me a reason,0
cat is on fire,0
wp tb,0
pa and cm,0
Treant afk,0
best team ever,0
"yes, i commend him ",0
please wait,0
rofl,0
dont be salty bro,0
rofl ,0
lol this guys are mad,0
he feed cour spam sentry in base,0
report in  lp,0
they cant even be 5k cuz they will live in 4k,0
ye when i win mid 2v1 :D,0
maybe coz u did not even try to play? ,0
not gonna waste my time ,0
use first,0
1st time i saw him doing that :O,0
and its real,0
this dk ratting in turbo game,0
hero all late haha,0
i told start game u all ez win,0
hey,0
ofc not,0
"I mean, you lost bot to a guy that's 1000 mmr higher or so",0
we'll finish quickly,0
Just for wanting to play mid,0
asec,0
who cares,0
comend tusk,0
top,0
Reported tini pls,0
what a trade luna,0
Nope,0
buirrit,0
rice eating shit lord,0
weaver can play with his hero,0
change wifi,0
U played like u are afraid and turtled 20 mins,0
carry only,0
then u fginish,0
report wk,0
COME SLARK,0
just helping thou,0
and report WR,0
report pudge,0
what a hook man,0
yeah right,0
you had such a strong mid game,0
all that farm and i kill 3 hit u,0
wp team forest,0
im gonna pick Skywrath he didnt say,0
can i supp with am next game guys?,0
"reprot shaker and bs please make mm a better place, gg wp",0
another cool game,0
youtube.com/mirocj01 -----> Divine crusher,0
youtube.com/mirocj01 -----> Divine crusher,0
youtube.com/baboy10 ----->the plays,0
youtube.com/mirocj01 -----> Divine crusher,0
ty for 25,0
because he is pro,0
rofl,0
thanks nerf morp,0
how to use ulti,0
hey can we end ,0
is that,0
dude u will lose eventaully...what are u laughing at,0
cannot kill tiny,0
The power of Teamwork,0
planted hahaha,0
he chrono any1 in his first sight,0
cm for the nimbus,0
WHAT ARE THEEEESE,0
this,0
that was the plan,0
you are not pro btw,0
what a player,0
report dark willow pls,0
"but it's ok,",0
reprot this wk,0
why ,0
why would u have healin ward ?,0
whats wrong with you,0
1>20 deaths,0
we were about to],0
coemback,0
this storm,0
worthÃ‰,0
rofl,0
pango thx for game,0
WHYS THAT,0
salve pra twitch,0
bm and riki are reported..for constant insulting and feeding,0
and then going afk,0
and finish ,0
why,0
this is a sad storm :),0
storm is ulting toward you,0
this is my 12 winning streak,0
rly usefull stat,0
at rosh,0
cheat??,0
why,0
he said so much lag,0
this is easy,0
watch yours then,0
shaman went to pray ?,0
watch me,0
hey,0
u know knight online ?,0
how many sucky sucky for dark artistry,0
well played,0
what are you doing there,0
reporrt lc and im fine,0
this team .,0
reproted ?,0
reproted ?,0
that why i was loser in early,0
3 misses in a row,0
"gg, first time pudge on my team",0
good torrent,0
what is this new 'guardian greaves' item???,0
please abandon slark,0
in 3 secs you are death,0
the entertainment yes,0
exactly!,0
of course,0
thanks,0
it nice when ww leaches exp mid,0
typical,0
What were you doing?,0
go to the hell jong hyun,0
haters,0
First blood,0
he said he was lagging,0
comeback top bb,0
where are u bb?,0
"i am playing quietly, minding my own business but y keep calling me",0
will try,0
you all blew your loads on my spikes,0
jst waste time,0
No you are strong people ,0
ty for acknowledging my skills,0
quick cast is hard,0
better than lycan though,0
DIRE HAS JUST 2 HEROES TINKER AND TIMBER,0
GUSTO KO SAMPALIN YUNG LIFE STEALER NA NAG RADIANCE 1ST ITEM,0
playing vs ti winner,0
END THE GMAE,0
END THE GAME ,0
your s key works,0
realy?,0
report ls botting,0
Report monkey,0
he could farm - he didn't ,0
GGWP ty ,0
venge u know ur sapping exp from uir  mid,0
Im a try hard yes,0
best carry,0
forty,0
exactly,0
cmon bruh,0
or are we in late?,0
i came a bit from that,0
he is truly a monkey,0
please,0
rofl,0
Was free farm,0
bane last pick,0
we have nothing to cancel banes ulti,0
hate my team,0
typical pa player,0
Im not even the worst,0
i have more farm than pa,0
merry xmas,0
How rude you are,0
luna won you the game,0
hello ???thailand ??,0
clock carry nÃ©,0
WHY YOU DONT USE IT?,0
IM TALKING ABOUT SPELLS,0
why thank you sir ,0
throw,0
throw,0
Rofl,0
anyway we r not losing,0
Just a buch of virgins who cant win at their own mmr,0
stop cryin?,0
gl in ur solo games shaman,0
what is ur brain?,0
whort >??,0
"Good Game,Well Played",0
realyy alone or with 3 ??,0
UNDYING TOO STRONK,0
Acaboui,0
q throw foi esse od,0
i tot all of u guys are carry?,0
Accout buyer,0
3 ancient at btm feed,0
LOL when did u see 4 bot? lol,0
dark willow pls dont use this hero,0
it's for you,0
scary,0
there are no scars,0
scary,0
bait of the year,0
she is just having good time with creeps,0
Is he playing with dial-up?,0
you have good team,0
my hc is weaver,0
weaver handless,0
finsih,0
nice hair cm,0
where is he?,0
rip english,0
merry xmas! :=),0
5k hrs this meepo lmao,0
to feed,0
rly?,0
you wouldnt win if we didnt have this meepo feeding,0
on fountain,0
wtf is this,0
but acts like herlad 1,0
sick insult,0
how much you charge a night?,0
report wk pls thnaks,0
treants hc,0
throne,0
:C,0
why yiu focus him ,0
cant talk now?,0
this zeus,0
no tt please :(,0
GO END NO TEAM WORK,0
ALL SOLO GAMING,0
a moy kupil bloodthorn?,0
creep block is too strong,0
report ember pls thanks,0
and i wasnt even moving /,0
pudge is real,0
he abandoned last game ,0
he dint want to play with tech,0
report bh all,0
i had this image of cm and mirana blowing sniper,0
has a small space,0
that shows cleavage,0
report trooll,0
these guys,0
i have nothing,0
"yeah, thats it",0
i play this hero for the first time,0
COMEND,0
easy,0
not really,0
alright youre just an idiot,0
not really,0
Phew,0
Worth,0
really?,0
ops sorry all chatr,0
might as well sell it,0
Rofl,0
top,0
Who thinks he is miracle,0
Ward?,0
A anceint acc,0
IM ONLY THE RAL MIRACLE,0
nothing more,0
so glad not losing ot anti fun,0
bathrooom,0
che nyx,0
And is confused as to why shes getting her ass kicked,0
this dumbass thinks that turbo means every hero turns into an sb or axe ,0
SO GOODp layer stacking armor auras,0
why my team like 2k players,0
He in game,0
have to do this again,0
bate mais forte fia,0
so typical,0
ty for ni bash,0
End it,0
give reason to pause,0
its new years day ,0
this void ,0
fake ancient,0
try to SS our base,0
is it wex,0
what ?,0
they will not coming back,0
no online steam,0
you cant touch this,0
good come back wp guys,0
it is like my signature hero,0
not a single one of them went above 12k networth,0
this hero is dead,0
that also plays a factor,0
report clingz please :),0
sorry mate,0
come with us pudge,0
dont ned bots,0
the alcohol u know,0
for champagne and sucking,0
cant believe how much lion is sucking juggs dick over a joke lol,0
that was good,0
gl further,0
and we have,0
please,0
cause it's gg ,0
NO my item  :D,0
chen's at your ancients,0
add me on snap stormselect12,0
Rampage please,0
HI AM :),0
i have one mexican ,0
creeps,0
Pudge good,0
try harder,0
kill the siege,0
cant kill wk?,0
yeah hes gone,0
why is he laning,0
is tinker seriously laning?,0
hey,0
hey,0
wheres sniper,0
he was honestly your best player,0
so just wait,0
we're not entirely sure,0
we are playing 15 minute game for 30 mins already,0
COMMEND,0
BROKE ITEMS,0
TECHIES <3,0
AM <3,0
techies,0
i want to lose cuz I am noob,0
reason?,0
ty the game,0
yeah sadly not my acc,0
the ks is real,0
its alright,0
that i can def,0
win game,0
are u wanna play with that lich..??,0
make it a sufferig for this shit LC,0
WE COO,0
come back,0
so it's not comeback :'(,0
sorry for him,0
commend carry ,0
ask support,0
another ez :),0
a sf),0
Why hate me(,0
that how you doit,0
would be embarriising otherwise,0
now pause for us thx,0
we dont care,0
lobby ?,0
ME ACHAMo,0
hes offline,0
This patch isn't 1v1,0
thats how u wana play ?,0
you unpaused to get the momentum to push,0
thats how u win,0
how many time?,0
rly mate?,0
why in my team?,0
what is your guys deal,0
whys everyone so angry,0
'i love france where is the surrender button',0
reported team,0
worts shakles,0
a che on,0
i'm about to beat his ass and yours,0
report him,0
and treant,0
fast hand meepo,0
scary meppo,0
who 1x1? [near Rosh],0
go finish?,0
WHY NOT?,0
cos i know you really wanna ride on me,0
why,0
WE LOSE,0
WD C,0
not sand king or witch doctor or sven,0
EZ INVOKER,0
THE AEGIS,0
free ward lol,0
how too day chung no choi dien tu,0
pauded plss,0
paused plss,0
CAN WE COMMEND PLS ? ,0
AFK BASE ,0
push top,0
SK 1 ulty for 46 min,0
why need to kill,0
comend shadow fiend,0
and?,0
somehow?,0
not both anyway,0
midlaner who is lowest lvl,0
on the team,0
not so match 32,0
idc about next game,0
i'm a dick for playing better now?,0
that what it comes down to,0
ofc ,0
fight,0
he tilted,0
he wasnt afk,0
ITS NOT OK,0
I can win you,0
he wont be back,0
you fought well,0
u would ahve won this with underlord,0
Report him,0
prollly not,0
he coming?,0
"thx legion, for staying",0
sorry guys,0
ur about to waste,0
atleast,0
SNIPER COME TO OUR TM,0
from radi,0
Ea,0
sorry ,0
you walked right by me lol,0
welcome to dota,0
im free hit,0
i give treat if you shut up,0
sssshhhh,0
no bone i want steak,0
that is how it is supposed to go,0
"IZI TU HE4R,MANA",0
score says 3,0
focus all on me =(,0
i buy courier,0
nice counter pick,0
they just lost their lane,0
JUMP INTO ASTRAL,0
it took my shaman 12 min to ward my lane,0
and nyx,0
TOP bounty RUNE,0
we not have 5 hero,0
I will block.,0
we win game if slark and zeuz stoped farm,0
report sniper please,0
please,0
ez storm baited lol,0
why ur team ded,0
becouse you all have no skill heros,0
cool,0
got your base,0
ward in the worlf,0
sleep is for the weak,0
RAGE PLAYER,0
hater,0
stop warding my jungle,0
is your first win?,0
prob win next two as well,0
Please,0
this monky is very angry,0
bf death,0
second try lucky,0
cm said shut up,0
cm what are you r point,0
these russians,0
rofl,0
onmi has two boots,0
its me pk,0
my name is also joshua,0
its more of a drow,0
storms way worse mann,0
for teammate,0
break ur items and run down mid for repentance,0
my lion is mexican,0
please,0
is hurtying my brain,0
he went bracer salve,0
we are outdrafted it seems,0
righht click,0
this was a fun game,0
solid preformance in mid,0
this is where the fun begins,0
youll see what i mean,0
roflk,0
hey puck,0
how much real mmr,0
our first pick,0
end it faster ty Xd,0
want carry mid and everything,0
why the creep did that,0
why,0
in my team,0
report clock,0
u got undying counterpick,0
i was 1st in queue,0
331 gpm then pick invo,0
thank ,0
how can he report?,0
GG wp commend me ,0
got it cm,0
space crated xD,0
goodluck have pandesal,0
pls no speaking hyeroglyphs :-),0
learn england,0
and RIP english ! ,0
dusa is still afk at top,0
U paly better than him,0
report troll ty,0
worth,0
at least u have a stun,0
which carry will win?,0
lost in 3 seconds,0
wont win wout my team,0
happy new year guys^_^,0
this one is in the bag,0
we already there,0
ty for game all,0
report clinks,0
cool,0
to connect,0
WE ARE ALL BROTHERS ON THIS AMAZING PLANET,0
"report my theam,",0
what happen sofa,0
and he picks,0
for this pa,0
why is pa good vs tinker fp?,0
would like to know also,0
low priority gank,0
ill feed.,0
axe 3 stouts shield,0
COEMND,0
what kind of logic u having here,0
follow me,0
Sf  ?,0
reported,0
who will report mk i ll commend him ty,0
don thehonor to die by creeps,0
Report monkey,0
easy,0
please tell me who will report this monkey and lina ?,0
Report monkey,0
how u get out? lol,0
report doom and furion,0
they are dea,0
what to do with 300 ping,0
areyou high qop,0
ofc yes,0
rofl,0
whoops,0
fin?,0
rly?,0
he is at the trees on bottom tw ,0
wp pudge,0
archon 3 pick carry mid,0
wp tidew ,0
and il transfer,0
CooL,0
since when,0
Pts poluchat,0
is that a utility sf or what,0
void is funny xd,0
ur mom die or what,0
Go play coree,0
sorry bro,0
reprot elgion and pahotm plis ,0
thanks for sapping ur puck's exp and farm,0
ill teach you hehe,0
him go to school,0
Good Game Well Played :gg:,0
5 minutes waited lifestelare to go jungle,0
"i mark bototm, lifestealer comes",0
"i go lane, they all follow me",0
team all hits from behind,0
did you just give me a health pot,0
fi,0
I JUST dont know how you are SO good!!!,0
why always me,0
look at this,0
HE RUPTURED PUDGE,0
only crit,0
he is so good,0
thello,0
happy new year,0
no tt please2,0
i think dc,0
are you playing from antartica? that internet is awesome,0
TALK TO YOUR FRIENDS AT THE TOP,0
THEN STILL  ITS STILL A GAME,0
3 is right next to 4,0
i want go to shop,0
bad for health,0
u think u can beat me>?,0
MEDUSA ESOS ITEMS,0
whatup?,0
go strainght mid,0
finally,0
its wasting of time,0
just go together bot ,0
end now ,0
bots ? ,0
divine and cant play viper classic,0
wasting,0
why not end?,0
es dream want comeback,0
Sven dont know how to stun well ,0
says 18 deaths,0
pls report es thanks,0
ss full health,0
his back,0
report rubbick,0
qeen high rasum),0
who is chasing me,0
which,0
there,0
i don;t know how you are winning,0
getting carried by this jug,0
tell that,0
we are playing 6 vs 3 and half,0
GGWP COMMEND,0
thanks a lot for stealing my last pick jeff,0
why do u pick su as heros,0
Stop defending then,0
rubick ur annoying,0
rubick is reportd :D,0
why would i then:),0
u really need to grow up mate,0
nah rather you have,0
that cant find th mute button,0
that think they are good,0
are the saddest,0
wasting effort for this team,0
free money?,0
i dont think hes coming,0
this mk,0
see my team farming ,0
im playing for fun :),0
i wonder why qop wants me badly?,0
u wasted to much money on wards,0
to much wasting ur money,0
COMMEND ME PLEASE,0
report fiery fire,0
COMEND ,0
so leave pls now,0
that was omni dibil,0
that`s becouse of it,0
i dont wanna play anymore,0
ty brah,0
on crocaine,0
your racks SAXE,0
IM FREEE,0
report terror pls,0
report him pls,0
timber u are so trash mate,0
he was from start in dota,0
what,0
WE GOT ONE OF THEM BOYZ,0
try me,0
captain bad picks,0
thanks wd,0
easy ,0
i got all the last hit on the bottom ,0
mewanhile your sf cary your team,0
ILL REPORT THIIS UNDYING TO GABEN,0
they didnt pause,0
the logic is ,0
so that he can be lowprio,0
reported,0
all report ck,0
doesnt hit the tower xD,0
THEN SENDS ILLU FIRST,0
this is my core,0
so enjoy free win,0
cz no one want on front,0
win against me,0
literally do nothing,0
u acnt road to divine like that man,0
I will defeat you',0
end fast for you to win,0
for deaths,0
wp team,0
u won this,0
mirana was the problem,0
Wastin,0
why ?,0
"he pause for us, so we respect him",0
ff not rr,0
he is reconnecting,0
press alt + f4 for  win,0
on going,0
Ñumback is real,0
or not,0
what is,0
plz report this invo guys,0
nice try rico,0
dont understand your domestic helper language,0
hey,0
that was so,0
rush b eco,0
hey,0
CANCER,0
thanks,0
clearly,0
sk last hit my creeps,0
o thanks,0
report team,0
he speaks now?? ,0
honestly surious,0
you barely missed 40% of them,0
he is not coming!!,0
this is too long,0
bye low,0
What language is that,0
commend rubick ,0
he leave the lane and go bot,0
that is yo,0
first time win rubick?,0
chaknorisom,0
AZEK PASHEL NAHU,0
THANK YOU,0
report me thk,0
bloodmother,0
tell me one thing,0
rather die to axe than storm,0
phase boots,0
stop this,0
how is it going,0
Its,0
i block him for you,0
bott,0
EZ TEAM,0
so we shound't w8?,0
hes free kill,0
PLEASE REPORT AM,0
WELL U KNOW THIS IS A GAME,0
CONRATULATIONS,0
Im reporting,0
ull make this world a better place,0
REPORT URSA,0
Good player,0
learn englis animal,0
with 1k hp,0
wasts goin on,0
in this game,0
this jugger,0
sentry',0
to think about soulring,0
witht tha,0
and you will know,0
thanks,0
how is that balanced,0
"both of the,m stay in jungle",0
this is my life,0
merry xmass,0
thanks,0
who buys them,0
why,0
he cant,0
and?,0
carry supps,0
tho u was gonna win faster,0
said the one who can't survive using snowball ,0
we learning too,0
twice who,0
JUST LIKE TT,0
WAHT HAPNED,0
my queen know tha way,0
hes lyin,0
hes pro? ,0
end no buy back,0
"i play with my brain, not like u have no brain",0
and die all the time,0
enemy you think you can win,0
comeback is real ,0
that was a bit late,0
what is this dude,0
too clever?,0
has trouble,0
so very hard,0
finished,0
stop it,0
hate me,0
why the hell do u have dust ?,0
aint gonna wait longer than that,0
shaker down ebaniy,0
what now ??,0
if this game end,0
to see what hapend,0
english rip,0
i sympathize with PA,0
why weaver ruined :(,0
hilarious sniper,0
easiest game of my life,0
roamers,0
cuz they pick ROAMERS,0
ENJOY UR WIN IM AFK,0
I HOPE U GET THIS JUGGER OR WR IN UR NEXT GAMES,0
TYPCHIAL 10 MIN GAME LOSE IF U GET PEOPLE LIKE THIS JUGGER AND WR,0
carry techies,0
for that,0
rofl,0
my boots,0
the latest trend,0
hot bot,0
he offlane,0
to my team,0
thats not balanced u knoW ,0
how many russians are on your team,0
i never understood why people are racist until now,0
i tried to blink into base but missclicked the map,0
in hitory,0
In team,0
all report sf ?,0
genuinely wish you get this intentional ruiner,0
while i got a normal human being,0
Rofl,0
u from where ?,0
where irsa,0
really,0
aunty*,0
any1 wonna feed mid for fast end?,0
hahahha towes wts,0
how long,0
i hope this keeper won this,0
this keeper carry,0
soo much trash,0
commend team 0 gank 0 ward,0
this fool,0
you move like a ranged creep ,0
thats was lvl,0
sry crashed,0
rofl,0
that usually means,0
and lose,0
or pick an actual offlane hero,0
in the same team,0
acc buYEr,0
boy suicide on  the mix,0
anyone got a cup of coffee,0
what,0
commended all,0
CK,0
thanks guys,0
REPORT THAT LEGION AND AM,0
commends fore dire for report on techies,0
plz report techies,0
3 thbnf,0
bot,0
AS FAST AS YOU CAN,0
in every single game,0
and will confuse you,0
and not helping team,0
still nice wards,0
wp tech,0
3 top,0
wp timber,0
funny team,0
Dead PA,0
bully hard carry more,0
fail top,0
maybe every time you open your solty mouth YOU LOSE,0
last picks invoker when we have 4 cores.... is suprised when we get fucked in lane....,0
you are just as salty as HE is,0
im not sure what he expects me to do at this point,0
oh sorry 1-10,0
thanks juggs for being a great carry :),0
party?,0
u know that,0
i cant tell tbh...  i only hear suka suka all game XD,0
I think you guys need more invis,0
who picks morph now?,0
thanks,0
already,0
are you herald?,0
michael jackson is dead,0
Ur cow ismad,0
winter,0
morph,0
a freaking joint,0
ty for pushing lane,0
COMEBACK!',0
we cant win,0
in the spirit of xmas,0
Dont worry cause im feeding,0
REPORT MIRANA,0
REPORT MIRANA ,0
rofl,0
"witch doctor AFK, gg",0
almost turned the fight,0
3 stack party with core,0
she missed this time,0
right here,0
We need a win ,0
why report?,0
ranked is also pub,0
ty for +25 btw,0
write pls,0
It's the best you've got.,0
tahts why i teach ,0
wait pls..sf mouse failure,0
not doing so hot guys?,0
it was,0
we can see it,0
have manay space still noob,0
CHE YL'T,0
ill throw,0
Shineee,0
im so sorry,0
pls wait,0
now its on me :D,0
why are you pausing?,0
as they say,0
easy,0
TMR ME OLVIDE,0
you have no girlfriend either i bet,0
ancient 3 is î€,0
this gyro xd,0
i hate the animation on call,0
where are you strom,0
report wd,0
ASFwtm,0
well played,0
commend sf thx,0
and this spectre predict,0
fucking reported axe,2
why axe is raping me top ,2
U useless anyways,2
WELL PLAYED SHIT CUNTS,2
CAUSE FO FUCKING HG,2
u wouldhave hit the throne u jebaited 2k,2
fuck off lol,2
FCK U,2
fuckign ancients,2
fking clock,2
retard take lycan for hard ,2
second rtard lose lane with help,2
WHAT THE ACTUAL FUCK,1
FUCK THIS PANGO,2
NOOB team,2
fucking axe retard cunt,2
lag the fuck up,2
Support my ass senpai,2
Ima out to fuck,2
2 carries to take down a fukkin support,2
who u tellin to chill nibba,2
miss me with that gay shit,2
ur a fucking cunt,2
little fairplay rusians shit,2
fuck mothers,2
this trash russian,2
Worst country of the world,2
hey dog russians,2
trash russian,2
is that dog knows only barking ?,2
Did you mother fuck a dog to born you,2
fuck dog to born ?,2
your country shame on you,2
that Russian dog,2
sad this dog ,2
a dog cant bark and no brain,2
Hey BARKKKKKKK,2
Dont kill the dog,2
go fuck yourself xD bye bye dog,2
fuck the game,2
fuck this shit nap team,2
iyot is real,2
fuck this game,2
"DOTA where everyone is a cunt, regtardless of team",2
He's autistic,2
cry bitch,2
holy shit,2
let the faggot be happy with his imba hero counter,2
what the fuck,1
u actually that fucking bad ursa?,1
what the fuck,1
hows your mom ursa?,2
she just told me about your baby sized dick,2
you are shit,2
you fucking nerd,2
"any suggest, best porn site?",2
child porn or what ?,2
or do you want gay porn,2
fuck this team,2
you fookin clown magnus,2
YOU SUCK ME COCKY,2
dickhead,2
where the fuck is snow,1
playing with noob,2
i will burn you alive,2
finger you to death,2
yes with my ultimate fingering skill,2
"sorry, was fingering your mum",2
FUCK UR REFRACT LOL,1
suck my dick idito,2
"well, were we able to do shit?",1
raport this shit OMNI,2
you dumb and blind?,1
"its pretty dumb you're complaining, you're literally doing the worst on your team and holding them back LC",1
LOL 0 SUNSTRIKES SHIT INVO,2
but fuck LC,2
gg this shit ,2
w8 2 more sex,1
ez game tryhard fucker nice viper no skill hero pick,2
spe is so fucking over farmed,1
Sex,1
pls report sd. he is a russian scim,2
fucking account buyer omni,2
gg this omni watches too much fucking slacks,2
2 piece of shit,2
just wait bitch,2
come suck my dick,2
thanks poor fagot,2
get off my dick pudge,2
morons,2
buy retard items  i cant blieve,2
"Enjoy ur loss u fuc,kijng garbage piece of shit",2
GET CANCERS ALL,2
RETARD IM LEGEND 5 IDIOT BASTARD NOOB,2
SHUT THE FUCK UP,2
sucker,2
AND BE USELESS,2
Team can feed every noob,2
fucking trash of humanity,2
Not fucking one,1
i cant believe how lowskill and stupid people can be,2
fuck this team,2
report noob team,2
fucking pieces of trash,2
Wtf are you doing,1
u had so much luck. 100% chance for that fucking skill,1
twice i get this shitty brood as  a core.,2
what sound do you think i make when i eat cum,2
F CK THIS,2
this lineup is fucking stupid,2
this fucking ursa try hard,2
np our SF is totaly autistic,2
sf is brainlet,2
pathetic AM pick in unranked,2
noobs always goes core,2
pa realy shit,2
look the shit pa,2
ez go fuck ur mather pla,2
let them def wtf,1
5 asshole move together,2
ASshole,2
Fuc k you asshole,2
stfu techies player,2
peace of shits,2
cum back??,1
asshole ,2
there is a tip for noob player like am,2
if u are some kind of retard,2
cannot even fucking finish a game already won,1
Cant believe a retard wanbts to kill instead of ending the game,2
retard my fucking team ,2
It fucked me more than you.,1
WHAT A JOE,2
dude the other team doesnt wanna hear you be a little bitch either,2
what a joke,2
how the fuck did we win that ,2
oracle win this shit solo,2
never pick my rune again bitch!,2
for that shit i will make you bleed riki,2
Void Ulti and run like a bitch? :-D,2
Fuk this game,2
WTF was that :-D,1
holy shit,1
cant fuck with oracle!,2
fuck off,1
suck my cock,2
I commend your fucking rat,1
useless lc and dark,2
i have now SB im not idiot anymore,1
lc and moph useless,2
the must noob lc ever,2
pls report my team ,2
pudge lock and this warm shit,2
we w8ed your fucking weaver,2
roberd the penix,1
ur puck braindead,2
holy wshit,1
jebaited.com ,2
fucking hell,1
tjhis shitty hero,2
he free fucking hit,1
i want report this shit,2
by selling ur mom's anus?,2
fucktard russian,2
is most retarded,2
"ca,n't you fucking wait ?",2
btw dont report my steam acc for containing nigger in it,1
tell pduge to go fuck his mamka,2
fuck it,1
report all team ty,2
holly swhit,1
wanna feel the real fuck?,1
my team sucks..,2
REPORT THIS MOTHER FUCKER,2
FUCK THIS,2
who got that shit,1
ty fro free xp noobs,2
fucking noob team,2
they no skill fear the fuck,2
gl with your next shitty game,2
carry total shit,2
atleast I dont suck dick,1
fuck this,1
every game you have to get 2 cores that are absolute cunts,2
low skill inv and usless lion,2
i think that pinoy player so fuck,2
why all go for me noobs,2
iz my team all noobs,2
fuck pit,1
ofc ur fking duel,1
blame my noob teammates,1
mos useles brood in the universe,2
when you got noob carry :D ,2
nachooks tite mo gago,2
HOY IPIS,2
u deserve to win with that tryhard lul,2
ure noob we re not just serious,2
that was dumb,1
real tired of ur dumb ass,2
doom pro (yet he still sucking),2
suck it,2
report pls my teams,2
lich if i were you id quit shit talking,2
tehy are all top meanwhile tb is farming wtf jugg u r losing,1
im really so fck up,1
all of my game is so fck up cuz this cancers,2
STARTER PACK OF INJOKER,2
dont gv up this world got thousand noob,1
fail dog with so much supp,2
brainless cunt,2
so fucking useless,2
a team of useless dogs,2
useless carry,2
totally useless,2
IM SO STRESS WITH THIS CANCERS,2
fucking idiot offlaner,2
STFU YOU ARE FUCING CUNT,2
EVERY GAME I HAVE CANCER TEAMMATES,2
fuck its my first time seeing that,1
FK U,2
thrash ES,2
off noob,2
wtf puck,1
ez troll whorelord,2
CYKA,2
puck is lc last game and this melody and fckingpassive player ,2
what an ugly set pudge,2
not as bad as what your mum said when you were born,2
ugly pudge,2
this games a fuckign joek,2
"meh, free lanes for middle and top = basura",2
shameful display,2
tard team,2
you got shit on kid,1
you're literally useless,2
shitting whole game on team,2
report necro and fucking riki,2
dumb as shit,2
report my team plz(,2
get the fuck out,1
want to rape you,2
fuck off drow,1
usuck,2
so fucking noisy but just a piece of shit,2
noisy and useless,2
Report team please ez bot,2
Report team please,2
Report team basura please,2
shitfiesta,1
wtf 1 hit,1
:D every noob with half brain play this shit,1
fuck your mom,2
fuc kfof bro,1
what an idiots,2
good fucking g,1
gengar is a shit pokemon,1
mummy issues ?,2
turn capslock of you imbecile,2
pathetic,1
fucking 5 iq ,1
i gave voker a kill and a courier snipe . and he cant do shit,2
also my luna is cancer,2
wtf with u abbadon,1
you get people that just decide to be dicks and not play teh agme,1
wtf is that,1
faccc offf,1
i ahve a party of baboons on my team,2
ur a monkey,2
who ther fuck gets bkb in LP?,1
ur carry so fcking free running around,1
trash cores,2
TARD CORES,2
fucking terrible sia,2
piece of shit,2
gonna report this family fucked dog,2
this garbage team,2
FK UI,2
idiot bs,2
what the fukc,1
morons,2
CYKA ESHE I GLLIF KAK PROZHALO,2
that is the most broken shit,1
my dad likes my butthole too much,1
HIS MOTHER CALL HIM FOR SLEEP,2
the fuck,1
willow can't admit she fucked u,1
fuck off dudes,1
merry xmas motherfuckers,2
happy new year fucktards,2
5 seconds in already bitching,1
sb dumb charge mid too,2
so lets wait motherfucker,1
is shemale reconn?,2
stupid as fuck,2
FUCKING IDIOT TEAMMATES,2
rape this invoker mid,2
reatrds ,2
dude meepo is a fucking troll,1
asshole,2
fuck that invoker build|,1
SLARK NOOB,2
fuck ur LoL hero,1
this fucking ruiner,1
Fuck off.,1
are fucking patethic,1
what the fuck is your problem with m?,1
FUCK U,2
i fuck your young mom,2
she gay and she fucked u,2
fuck off,1
ur a pussy bitch,2
useless fuck,2
hes a spoiled child that needs a dick in his ass,2
california trash,2
yes go back to the hole u came out from,2
execpt am fuck that guy,1
fucking team ,1
wtf is that,1
i earned 50k on XVG but its shit coin probbably,1
fuck this guy,2
succ me too pls,2
can u stop sucking dick sf?,2
can you suck my dick?,2
you are getting anal raped ,2
my bitch,2
space for your mom?,2
your asss,2
ass hot,2
rape sf all early game >>> sf have more items against sky,1
cuz he noob,2
i raped him,2
( random lucky  shit ),1
get countered shitters,1
what the fucl,1
shitty archons,2
tired of being stupid?,2
boosted shit,2
suck dazzle dick after game for boost?,2
sphere my ass,2
fuck your mother,2
and our teammate picking shit,2
retarded team,2
bc fuck u thats y,2
holy shit?,2
Trash players,2
this shits,2
great fucking od player,1
report this rusina,2
sTUPID ,2
this guy is pure retard,2
and this fucktard understood tha,2
check his fucking profile,1
piece of shit,2
what about tinker u pioece of shit,2
go mid mother fuckers,2
this lc gay!,2
fucking pause,1
go fuck yourself,2
I DIED BUT KILLED THE DUM CARRY WHO HAS A SURVIVAL TOOL,1
dont cry bitch i get no spins,2
sup bitch,2
get off my dick,2
wk cant talk with a big cock down his throat,2
here we come bitches,2
How the fuck does such a line up happen in a solo ranked game at 2k MMR?>,1
this idiots,2
"its ok, just report russian od and void",2
die fuck your mother,2
fuck off,1
this lion noob,2
fucking lc,1
LOOK WHAT IIDOT,2
what the fuck,1
gothbouclique make a hoe shake,1
No idea wtf is going,1
that mirana is shit also,2
dickhead,2
suck,1
farm with joker,2
assshole,1
and some more playing dick,1
to go and look at our injokers steam profile,2
Already pick first invoker and i playing my role. Picking fucking ck and go mid againist tinker what an asshole,2
this is not my fucking fault at all,1
haha cry baby voker,2
wtf is go on  ?,1
this team is s o retard,2
how about you stfu,2
how the fuck is this balance ?,1
5 now.. we have a stupid peru jungle,2
wtf back attack,1
they kept calling me a retard,1
fuck off,1
ff i wont win this for these retards,2
we will fucking report u ,2
dude u fucked up the gank,1
so dont play stupid,1
CYKI,1
retarded carries gg,2
tRASH,2
INFINITE JEBAIT,2
wombo combo my dick,2
topkeks what a clown,2
motherfuckers,2
didnt see everyone around me with ur fucking mh ?,1
tryhard cunt,2
both arsenal and liverpool are noobers team,2
and rape u,1
my piece of shit skymage,2
you re shit btw,2
 had to take a shit,1
why dont youu fucking end ?,1
hly shit,1
these guys are fucking terrible,2
hny but not to my faggot team,2
wtf ? why ?,1
fucking lucky team,1
we playing a an down from minute 5 go fuck yourselves,2
thats what i fucking thought,1
chrono me for what u fuck,2
get blnk poofed you bitches,2
its even worse for you fucks,2
fuck your moms,2
razer sf too fucking strong right now ,1
fucking hard top time,1
come here pussy,2
its next level bitch,1
now you die cunt,2
WHY THE FUCK ARE YOU THERe,1
gtfo pieces of shit,2
fucking 3k tryhards LUL,2
fucking cocksucker,2
another russian dog sf,2
5 russian shits,2
fucking russian CANCER\,2
i fucked u on the line,2
fuck that necro he sucks anyways,2
go fucking throne,1
ur diving fucking fountain,1
just get fucking throne,1
isay get mid why fucking ,1
com fucking end,1
no more  cocksucking,2
i have prepared shit in my ASS,1
YOU fuck only your mother,2
he got rape by PA,1
he got erectile dysfunction,2
fuck truth,1
CYKA,2
CYKA,2
CYKA,2
my fking dicvk,1
how many retards bot,2
3 cucks top,2
faking team,1
ur spec is an idiot,2
go fuck yourself,2
4 bastards in team ,2
how to win with this animal?,2
mother fucker am ,1
slow cock ur dad,2
cock,1
cock what?,1
still faster than ur dad's cock,2
such a noob trash talker,2
NERF THE FUCKING HERO ICEFROG,1
report this fkign players,2
win this shit,1
fucking monkey suck my dick,2
wtf is tjhios,1
whos Noobkun - Believe in SSR ,1
he is cumming back,1
report my fucking lina,2
i told him not to play fucking lia,1
idk why he cant just pick fucking viper,1
she almost fucked me up,1
fight me faggots,2
HE IS NOT CUMING BACK,1
u sucks at mid so i question it too,2
this trash tinker,2
how paly with this trash,2
fucking asshole mid more,2
jacky son of bitch,2
this tinker mom is bitch,2
so fucking awesome,1
i hope he's whole family die,2
 wtf is this shit,1
plz report bounty the cunt has blocked all our camps with sentrys ,2
this pudge so fucking stupid,2
thios pudge dogshit,2
retarded oom,2
That shit was dope,1
fuck off,1
"talent, ignore this dumb rubick",1
Sry clock but u suck :),2
i mean with shitty connections making 9 ppl wait,1
Retarded hero wk,2
just finish this shit,1
why u guys just fucking end>?,1
That ability is such bshit,1
what 3 equally shit pushes mid? :D,1
suck my big black cock,2
shut the fuck up bitch,2
haha fucking 40% cd reduction,1
wtf he back,1
Holy shit,1
this invo so fucking asshole,2
fuckign retarded lich pickers,2
WHO WILL SUCK DICK AGTER,2
FUck hiM,2
white power,1
CYKA,2
fucking lucky shit,1
contest on fucking roshan,1
waif fuck your beloved oness,2
sorry my friend is an idiot :),2
y completly retarded,1
just end this shit game pls,1
sucks dick man,2
so u were all gay amtes new it,2
and u suck as an orgy,2
whats ur ecuse shitcunt,2
easy 3 basura top,2
"FUCK U QOP, LET ME AND SF BRAWL IT OUT",2
thats an easy jebait,2
QOP IT SHIT,2
fucking mid player,2
pathetic,1
this is the only way that u can bring noobs to play,1
i have no idea how peoples life can be so miserable they need to talk shit constantly over the internet,1
holy shit,1
we got cancer pignoy,2
Bitch,2
idiot my team,2
scuck hes paenus,2
if voker carries we all suck his dick,2
this trash luna,2
not with this whinny league enchantres and this russian pudge,2
this cunt,2
rarely seen such a retard,2
T R A S H T E A M,2
im retarded?,1
PUDGE YU STUPID FUCKER,2
pl wanna chase me asshole,2
why are u dicks we w8ed meepo,1
fucking shits,2
really nigga ,2
dont say shits (plural),1
THAT SHIT DROW,2
really useless shits,2
WTf.,1
u fucking selfish prick qop,2
all is my fuckign intenrt,1
u fucking ancient 3 got ppl watching,1
we dont care Wtf,1
im 10k party wtf valve ,1
that cm most useless shit i ever saw,2
thats shit,1
fucking invo,1
idiot as fuck,2
fuck off,1
fuck off,1
Ez your mother,2
super lucky this bastard,1
noob team no stack for me,2
this fucking team always want to throw,1
fucking nob specter,2
techies is gay irl,2
ur a fag and a nigger taint,2
nigger taint is a compliment in my eyes,2
you fucking suck wk,2
is my archer creep retarded?,1
fuck my win streak,1
i expect this ta cant do shit,2
sucking xp like a cuck,2
pudge is nub,2
black shit,2
suck,1
whore,2
what a retardcunt motherfuckers on my team,2
you think yourself funny retard,2
Give him the rampage you bitch,2
he will rape u when u reach hsi rank,2
then he will rape u,2
fck your combo,1
fucking pussy team man,2
I HAD ENOUGH WTF I WAS ABOUT TO ULT,1
HOWD YOU DO THAT WTF,1
i cant do anything idiot gay hero,2
white little dick?,2
nah packin 9.5 inches wbu,2
"u are lucky, this fucking peruvian team never carry dust",2
"its too late now noobs, im too powerful",2
fuck off,1
a usless player top,2
i would have raped pl,2
nah hes just a whiny bitch,2
fuckign rubick,2
camooon fucking nooobs,2
eat my as,2
w8 this astard pls,1
what a alucky shit,1
well fucking done np,1
retarded team,2
ur team is losing rax and ur doing sthis shit,1
the bichÃ£o,2
fic k,1
fucking introboys,2
NOOB CM GIVE LA RAMPAGE,2
can you fuck off ?,1
fucking trash,2
all thai shits,2
blame sf our mid feed still cant do shit,1
Kill urself wywern picker,2
tryhard ape,2
idont fucking care the hero,1
or wtf was that,1
fuckoff,1
why you fucker you should pick counter hero,1
drow is retarded,2
fucking 2 skils and im a quater hgp left,1
fucking solo rp on me ,1
hate me so fucking much,1
why is tjhe tower so damn big,1
go fucking defend ur rax la,1
fuck that shit,2
who the fuck is this invoker player,1
waiting for void to fucking chrono,1
fucking trash supports,2
this is literally a fucking 2v8 game,1
aginst these  fucking retards,2
fucking carry so hard,1
fucking shit ass lion,2
WHO THE FUCK NEEDS LION,1
WHO THE FUCK NEEDS PUDGE,1
youre shit,2
says a shit cunt,2
2 vs 1 top what a fking pussy,2
why is ur name shit,2
go fk yourself,2
mother fucker,2
à¹‰he bought sliver edge idiot,1
that bot not sb fool,1
shemale cry,2
come on retards,2
why these fucking pauses ?????????????????,1
"guys this game is like school of dota, it explains u can have the biggest trash mid and still win",1
fucking no miss and no tp,1
ea tshit,2
assholres,2
that zeus is a clown,2
ez to say when you dont have idiot team mates,1
On this fuckin aa,1
fuck that dark willow,1
i love the fact that voids chronos fucked us this game ,1
SHUT THE$ FUCK UP ,2
shit i forgot i had a taunt the whole game,1
This Earth Cunt Trash,2
these mother Fuckers,2
what the fuck?,1
fucking try harder,1
fuck off mid ,1
17minutes fuck off rd??,1
fuck off mid farm and die,1
cause u re fckingnoob too,2
fuck offf,1
Comedn tide shi (:,2
fuck team,2
fuck team because u lost?,1
sucks,1
and cant do shit,1
FYCK',1
surounded by retards,2
mothefucker I wanna see you react,1
team tards,2
puck I will FUCK YOU,2
what a shit,2
with 4 noob,2
all rep this shit,2
trash cores,2
cum on your mom back,2
trash ass luna,2
who tf gets sb with wraith,1
we did evry fucking shit for him,1
4 reatrds,2
how the fuck,1
fuck offf,1
he is shit,2
my pos 4 is so shit,2
fucking dog clock,2
asshole ,2
fuck off,1
He is a fucking terrorist,2
He faggot,2
TRASH INVOKER,2
trash voker rofl,2
btch,2
IM DONE WITH MOTHWEGR FUICKER,1
SVEN FUCK YOUR FAMILY,2
finish you ussles cunt,2
hey faggot ass woo ima show your stupid fuck how to support,2
nah fuck that toxic cunt ,2
the aa is a toxic cunt,1
maybe you were playing like shit and he tilted,1
fuck that kid,2
"at first I thought you were a prick, silencer",1
and for a retard int is a luxery,2
learn to support you toxic cunt,2
cold snap is bullshit,1
PIECE OF SHIT HERO,2
if we didnt have fucking useless mid ND ENIGMA,2
well fucking,1
hes low as fuck,1
cuz hes lil retarded kid,2
piece of shit,1
wjhat a retard,1
this guy is a complete tard haha,2
if you dont report this fucking trashg,1
WHAT A RETREDED GAME,1
idk what is this shit,1
and stupid,1
report bastard nyx,2
what a retreded game,1
fucking shit,2
and suck my dick,2
fuck u and your potato hero,2
epic russian dog hero,2
cum back 8----...,2
what the fuck,1
braindead children,2
dont fucking play,1
fuck off,1
report this bastard,2
useless piece of shit,2
hes raped me on lane,1
this moron ,2
thats what u get faggot,2
u losing to trash,2
u worse than trash,2
pussy and rabiits,1
shitty team,2
shitty lc,2
nice fuckin hero,1
our invis trash,1
merry xmas bitches,2
sry only noobs here,2
for sniper mother fucker,1
fuck me when i  save this moron,2
FUCK U,2
FUCK U ,2
ho w the fuck,1
he is agressiv as fuck,1
HELP YOUR MID MORONS,2
the fuck,1
of shit,2
the fuck is nam nam,1
suck my balls mirana,2
this trash mk in mid,2
focus me more pussy storm,2
piece of shit,2
piece of shit,2
|trash invo,2
fckign malay people,2
"if yes , then we all indog",2
fuck pussys ,2
BG fucking idiots go play normal all pick,2
fu too my friend,2
Real shit sense here ,2
buit you can fly.. Fkin KFC,1
trash invo win game( ,2
no fuking currier,1
this noob bitch,2
this noob ,2
this noob friends,2
ta so trash ,2
no ward no shit,1
who would fucking ban pudge ,1
are you fucking srs ?,1
ur carry idiots,2
how to fin with brainless fuckheads,2
TANG INA NYO,2
retard pick jungle plis ,1
this idiot,2
fucking 2x BF PA with 1.2k HP,1
fuck this PA,2
the fuck are you doing,1
warlock moron,2
morlon warock,2
shut the fuck up cunt,2
? ur a bristle you fucking retard,2
fuck this team,2
I haev shit team,2
i have the shittiest,2
this fucking,1
whos the motherfucker now,1
U wanted TOP STFU,1
dogshit can't gank,2
fuck u too,2
youre fucking dumb,2
you. are. fucking. dumb,2
your the head of a cock,2
wp retards rofl,2
what an idiot,2
fuck off already,1
"are you actually retarded, or do you just play one in dota",1
youre honestly garbage brown,2
shithead,2
show u how stupid i am,1
trash safelane,2
but please report this fucking od !,2
COCK LINK,1
i have no cock :D ,1
u can take 1 cock from ur buddy,2
instead of talking about cocks,1
WHERE IS UR PÄ°NIS,2
shaman went to pray allah to FUCKING BLOW UP YOUR STUPID COUNTRY AND YOUR PC,2
this shit .D,1
buy  brains plz,2
are you ready to be raped?,2
ARE YOU SON OF THE TARD?,2
hes insecure enough already about his baby dick,2
this od is so shit,2
0 assist your score tell everything how shit u are,2
how are to write russian shit,2
who yur mum ,2
ban fucked russ name ,2
they one that raped u,1
this team even more retarded,2
no way with this fucking pick,1
Fucking trash team,2
report ck noob,2
report this idiot slark,2
it never was you dumb shit,2
all like gays all the game its boring,2
pathetic noobs,2
that we have 2 idiots?,2
THEY ARE USELSS,2
IM PERUVIAN FUCK TO ,1
why the fuck u tped,1
fuck all the niggas',2
shove that bounty in your ass,2
team of idiots,2
THIS IDIOTS,2
"Okay... you were literally just standing there this time. like, the fuck?",1
"You're winning a game of AD, no need to be dicks about it",1
Stop being dicks and fountain camping,1
i got 1 milion hero for ganks and they are just shits,1
how retard got a gf?,2
learn fucking englidh,1
you both suck at english,2
so go fuck yourselves,2
u sure suck at carrying your team,2
i blew my load on your momma's face,2
go play with my dick more,2
report yourself ,2
being a dickhead,2
he is cuming in 1 min,1
what a trash team,2
this shit,2
i cant supp trash team,2
we have too many russian kids,2
u can shit rn told ya,1
the doige lycan,2
THINK UR SOME SHIT WITH WOMBO COMBO?,2
wht  a doge retard,2
THIS BARA USELESS,2
JUST LIKE NOOB TUSKAR,2
what is that bullshit hero,1
fukcing sentry,1
report these noobs pls,2
thought our fucking monkey,2
you legend but you play as noob,2
FUCK CALCULED LEGEND ,2
fuck 25% CS,1
fuck off,1
fuck off xD,1
when u have 2 dogs bot cant do shit,2
shit wrong hero,1
fuck off,1
alreaady imbecile team,2
and this retard,2
cant take those imbeciles,2
holy shit xd,1
go fuck yourself bick,2
fuck my team,2
fuck the base.. u dont need it,1
fuck off,1
what a scum dog niger,2
retarded team,2
SHUT FCK UP ~,1
THROW YOUR SELF,2
HONESTLY JUST FUCK OFF,1
wtf is this mid though,1
do u rlly suck that bad at dota like,2
ur shit friends are just gonna lose the mmr either way,2
what happened little noob?,2
what the fuck is wrong storm,1
and the phatetic team winss,2
can u call him a fat fuck for me?,2
nice try dick head,2
retard team,2
typical pinoiy,2
Play like a shit,1
u suck at it,2
suck m cock,2
wtf drow came back,1
we have noob cary,2
fucking idiot team,2
Wtf?,1
wtf i thought SEA Asia got too many noobn,2
with this idiots,2
WHAT THE FUCKJ IS MY BANE DOJNG,1
thanks for FUCKING plAYNI,1
Sex?,1
what sex? it just a compliment,1
report this cunt,2
show me ur pussy,2
bitches and hoes,2
typical russian scum,2
son of a whore and donkey,2
fucking russiano,2
CYKA RUSSKI,2
pudge is just dicking around,2
fucking divine 3,1
idk how the fuck he feeds so much,1
my team suck hard,2
GG this fuckin shit moron meepo ,2
he is 1 idot player ,2
fuckin boster nooob,2
this team is so noob sorry,2
you trash?,1
rly trash,2
you fucking asshole,2
pls some bombs in russia will be great,2
that was the most basic ugly cm model,2
i heard jug called yoiur mom a whore,2
report useles timber pls,2
hahahahah i cant believe what retards i have,2
this enigma and ench are totaly usseles,2
pros against retards,1
slark actually retarded,2
hes fucking god,1
useless dk glass cannon didnt wanna play with team get blink sb or tank like a dk does in the line up we have,2
END THIS TB SO NOOB,2
you mean fuck of ?,1
shut up vpoid youre fucking terrible,2
if i was not in this voids team i wish he has a loss  fuck it,2
Shut the fuck up man,1
so fucking shit,1
Wtf?,1
shityt pudge,2
shitty pudhge,2
shitty carry,2
shitty mid,2
the fuck  you doing there,1
i hope you die from cancer huskar,2
why meepo so noob,2
wtf this team,1
one way rape train,1
just w8 idiot s shit remack,2
fucing shit this team scks,2
abby fuckboy,2
game of retards,2
sf little pussy )\,2
"op heroes, shit picks",1
please shut the fuck up and play,1
had so fucking enough of this jugg carrys and teir friends,2
U are solo faming top while ur t2 is getting fucked,1
with this shitshiow,2
id trade ur pudge fo our flaming brainless clingz anyway <3,2
brainless clingz lol,2
oh no wait ure building a fucking hex with a lion,1
'I build something retarded.... lemme blame it on team mate',1
when we are done clingz make sure to give jugg a good sucky sucky as a thank you that he carried ur ass ok?,2
Its not gay if Im a girl u dipshit lmao,2
loser and retard,2
so fucking good,1
son of whore legion ,2
son of whore legion wood ,2
useless wr,2
fucking try hard,1
IS HE A MORON,1
report quiter and invoker pls,2
he is coming idiot,2
RTEPORT THIS STUPID NYX,2
"gg, fucking archons",2
help report this shit NP,2
in my arsehole,2
wtf are those slashes,1
Wtf its happen with this ck,1
motheryfcjer,2
play fair bitch,2
you can suck my dick.,2
ya fuck this game,2
3 idiots in team,2
wtf is ur pick,1
pick idiot heros,2
hehe hope your mom gets cancer,2
fck no thx?,1
k time to end you ignorant fuckers,2
what a deek?,2
im cancer archon hrhehe,2
PUTIN SUCK DICK FAGGOT RETARD AUTIST CAR TRUNK CLIFF FUCKER DIE ,2
press 1 if u think legion is a retard,2
as fucking hell,1
so ez russian shits,2
Ez putins whore,2
it is 5v5 game u fucking cunt,2
fuck off russians shit,2
fuck off and act mature,1
fuck russia,2
poor bastards,2
shitty lc,2
you lose stop playing fucking divine,2
fuck you techies,2
to play fucking techies,1
"playing so fucking idiot, real noob",2
fuck this shit,2
idiot team,2
lanceng them tities,2
noobs why focusing on terror,1
sea is cancer,2
I JUST CARRIED ALL OF U FUCKER,2
MMMMMMMMMMMM SEX,1
one click noob shit,2
"bitch, please",1
how the fuck can you deny xp to a sniper?,1
I fucking raped you,2
you will suck next game,2
there is a dick for everyone,2
yeah man fuck off,1
the mmr doesnt change shit,1
FUCK UUU,2
what a loser,2
he is afk like monkey that he is,2
Report these motherfucking trash support fuckheads,2
welcome to the jungle btich,2
so ugly teror,2
raped,1
my team noob,2
fuck off,1
TANG INA NYO,2
JE BAITED,2
look at your shitty heros,2
piece of sht,2
i hate this team,2
welcome shit head,2
if you fucking unpause the game will just go rmk,1
just wait and play this fucking game,1
I DONT WANNA PLAY THIS SHIT,1
hes an autist,2
Slark is braindead.,2
4 rustards in my team/.,2
YOU FUCKING IMBECILE!,2
bitch,2
suck yourself,2
all aim tide what a 3 noob party,2
farm my dick,2
trash pudge,2
WTf ?,1
fyuck i hate this team,2
tilted as fuck,1
he literally eat his ass,2
fuck this,1
fucked my last game,1
"Nah WK, u are the poor cunt now ",2
"Ofc, he is playing a support u retarded shit",2
we was a cock as shit,2
why u want to fucking unpause?,1
fucking trash,2
so cute and noob,2
whos noob?,1
fucking uneducated pinoys,2
the brainless,2
slippery littlee bugger aint you,2
mid is such a shitfest,1
dont wanna play wth this cancer on mid ,2
gay porn ur team?,2
let the retards  be,2
end this is bulshit gaming fucking sniper and pudge watching porn,2
cancer bb,2
RE[PRT TJAT SHIT,2
REPORT THAT SHITT,2
CUMBACK,1
it R E A L L Y makes you look like the biggest dick in the game,1
ill teach pudge this mother fcker a lesson,2
are u fucking ,1
fucking clueless fuck,2
first time hook shoit,1
any pinoyfucks?,2
being useless carry and got carried,2
cancer team,2
ikaw lng nmn cancer dito bobo,2
reatards,2
fuck off,1
and your mum so hard,2
fucked your ass,2
sucker,2
useless tried,2
finish my team is noob,2
timber is motherfucker ,2
fuck timbers mom plz ^^,2
you fucvking assholes,2
why the fuck can you doom me during shadow realm?,1
russians go to your east servers bitcheeeeeeees,2
2 carrys fucked,2
matching scores for the noobs,2
my fucking team always away,1
MY TEAM SO FUCKING RETARDED,2
u motherfuckers,2
suck my cock,2
Fucking shit,2
brothers who want to fuckeach other,2
i dont know when we played together we had only retards,1
"it happens, but still have won with retards. so its fine",1
my internet is shit obvisuly,1
can be that dumb,1
sorry im squishing ur bitchass,2
wtf was that,1
fuck this life,1
fckin feed spport,2
"rlly atleast play and dont fuck everyones time , playing for nothing",1
please report these idiots ;),2
but u can see this retard,2
and ur retarded kidand feed ...,2
ur the retarded kid mind,2
fucking pussy,2
dont pause he left for that retard feeding,2
motherfuckersssssss,2
i hope monkeys mother will die from cancer,2
wtf u want from me,1
my team retard ,2
wtf are you doing tiny,1
fuck outta here,1
ofc suck my dick,2
fucks wrong with you,1
I'M CUMMING,1
can u push? Wanna report 2 cunts in my team ASAP,2
report fucking bs,1
dont cty bitch,2
Report this moitherufkcer,2
imbecil,2
mother fucker,1
see mother fucker,1
fucking shit ,2
trash can`t buy ward,2
what a raping,1
FAT ASS,2
fucking we have archon 3,1
Shitty gyro cant use the space i make in early,2
idk what the fuck in pinoy's brain,2
Eg is still not top tier?u fucking punks are never satisfied are you?Hope you enjoy being bitter cause I definitely love being,1
Eg is still not top tier?u fucking punks are never satisfied are you?Hope you enjoy being bitter cause I definitely love being,1
mother fuciker,1
fack yuo,2
PLS WAIT FOR THE IDIOTS,2
what are u doing stupid,2
report this rat,2
stop trolling and play fking es,1
they're fucking euling themselves,1
i cant deal with this shit,1
Goend report shit carry and earsth spirit,2
mother fucker,2
his mom is under my dick,2
he rerally son of the whore,2
i dont know how deserve this dogs,2
i have a wrd noob,2
shithole io,2
bitch pls,1
hello trash,2
fucknoob,2
"but he does now, he beats the shit outta you",1
who the fuck wards there,1
can u end this shit ?,1
idiot team ,2
why u fucking hounting kills just push,1
if u need fucking megas to end this,1
fucking whore,2
ur mother is whore,2
JeBaited,2
fuck my mouse,1
fuck mouse,1
idiot player,2
like to play op heroes ench shit?,2
free game no bitching,1
that WTF?,1
xnxx.com make ur dreams come true,1
up your porn game,2
youre a bit of a bitch arent you kotl?,1
bf suck,1
sven con lkothar q gay ,1
sheesh fucking null field bruh,1
they suck,2
"the fact that no matter how much tinker sucks, he has to spam E to makeus retreat?",1
im covered by noobs here,2
"if you think mmr and kill are the same, you must b een stupid than all here",1
you trash :D,2
with shit rank,1
i know im shit,1
report shit core,2
report shit core medusa,2
I REPORT U NOOB,2
OF COURSE IM GOING TO KILL HER,2
wtf is that range,1
Mother fucker,2
dont time to play with noob,2
server is shit,1
fucking cunt,2
wht can i do woth this fk,1
TY FUCK NOO,1
YOU ARE THA BITCHS,2
what's fucking going on in dota?,1
why is in ~everygame me get 1-2 retarded players?,2
how much on pussy of hair,2
why me all time you gay ?,2
man fk ur mother,2
ima fk urmother,2
in ur mothers ass,2
finally thje nigger slaves win,2
thats retarded XD,2
gg fucking pointless when teams dont even listen rofl,1
merry christmass kid picks morph even though he has been nerfed to fuck rofl,1
this sucks,1
ALLL REPORT THAT FAKICN SHIT ,2
fucking jewbastard dipshit,2
this idiot mid unpausing,2
he wants ez win coz hes too idiot,2
he aint coming back after he saw your easy pinoy ass mid,2
you are so fucking bad,2
sf only can kill you all noobs sucks,2
whatever noob sucks,2
FUKIN UNDRUING LEAVE THE LANE,2
fuck this cxarry,2
CHECK THOS FUKIN LANE,1
fuck this am ,2
pice of crap,2
this am is a gay,2
1k trash palyers,2
fuck this team,2
THAT IS the shit of dota,1
this game is bullshit,2
Cause ur team sucks,2
fucking trash,2
CUMBACK,1
yeah u suck so much u lose to legend xD,2
yeah any shit tier can beat u,2
storm were shits,2
my team noob,2
WTF ITEM TECHIS,1
CAN U JUST SHUT THE FUCK UP?,1
FUCK THIS DOTA 2,1
FUCK THESE STUPID CARRIES,2
FUCK THESE WOODEN PCES LEAVERS,2
suck my dick as a present for me,2
i got no gurl to suck it for me,2
u can sell it and bought some brain ,2
two idiots in top,2
shit instead of brain,2
fuck off,1
i have places to be and bitches to fuck,2
it been so fuckinbg long,1
omg! what the fuck guys,1
noob team shit,2
Fkin creep(,1
axl to the dumpster you go,2
TUMAHIMIK ANG GAGO,1
DNo what the fuck u talking bout,1
not today ISIS,2
retarded team,2
cancer team,2
always noob player on mid,2
ALL REPORT NOOB LOSER PINKSEEKER,2
report this imbecils,2
my duck hard,2
braindead shit,2
oyu are the only retard in the game sir,2
retards everywhere it seems,2
on weekend we have so much retards,2
but bristle is retarded too,2
report this shit,2
|ancient as fuck,1
my brother anchor 0 plays better than this piece of shit lmao,2
stupid retarded dumbass ,2
fucking cancer,1
rape T_T,1
Why i play with 2 k mmr nooobs,2
he is russian incest kid,2
i wont play with this trash,2
fucking 2k trash,2
fucking trash russian shit,2
ty god ididnt support these retard shit,2
You fcking moron,2
and ds cant do shit,2
but hes to mongoloid,2
pretty shiut,2
your so trash,2
and you are fucking trash,2
your so fuckingbad,2
fuckign hell your so garbaage,2
icarried the shit out of thisgame,1
retards can!,1
reported chian kids,2
yeap shit pick,1
dont got all fucking day,1
tide carry wtf,1
WORST Team,2
becus im fking lag,1
pl focking noob,2
wtf is this lane,1
Aces MEANS IDIOT,1
bullshit match ever,2
my team so fuckin usseles,2
noob win pro lose,1
IM NOOB BUT I WIN ?,1
fking team,2
TANG INA mo,2
FUCK THIS TECHIES,2
weaver fuck u,2
shh feeders,2
Your mama is a whore ,2
Fuck u Introshits,2
oh yeah fuck yourself,2
POTANGI 9NA N9IY0OL],2
fuck off brah,1
fucking god can't give less than 4 secs,1
off cheats idiot,2
and I hope you watched me Fucked your pa at midlane,2
dont have to it sucks,1
shut he fuck up,1
"weaver so fucking bad, lost lane ... :(",1
cause weaver is brainless,2
worthelss trolling shit,2
he saw a sniper in enemy team and he say fuck this game  im out,1
team is fucking stupid animals ,2
go to russian servers u fuck,2
russians cant play dota sorry,2
rape lycan with 10 hp regen,1
SINCE I JOIN WITH THIS SHIT JUG AND WR,2
I JUST HOPE THIS WR AND JUGGER DIE,2
i didnt fucking want to mid,1
fuck that guy,2
useless herolds,2
fckoff,1
for a shit hero,2
eat my dick,2
fc king willow,2
sucks you have to spam to gain mmr dawg,2
why the fuck are they playing on europe servers,1
fuck off back to russian servers,2
to much russian dogs,2
cz u lowly cunt mate cnt do shit wtf build,2
random or pussy,2
TANGINA ,1
suck my dick troll,2
go loeave noob here,2
fucking carries,2
he fucking plant ward at our base,1
suck a dick orange,2
this fuckign idiot team,2
Trash pickers,2
talk shit early,2
then ur poor as shit,2
FUCKIGN what,1
report fucking timber,2
fuck this shit,2
holy shit htough,1
we lose? ck blyat?,2
good luck becouse of fuckin interner,1
what? you wat did you say? suck dick?,2
just go mid finish this shit,2
stupid techies pickers,2
pointless smurf bullshit,2
bitches,2
3 fucking piece of shit,2
What a dumb legend player,2
why i have this fucking retarded russian in my team,2
losing because of retartded support ,2
weak as fuck,2
just now fucking idiot naix and ck  say me will fail mid ,2
eat dick bitch,2
suck my dick spec,2
wow ur a dumbcunt,2
ur actually a dumbcunt,2
What a fucking troll,2
Feeding their fucking carry 1-9,1
gets an easy match up....thinks hes a king.... meanwhile every other lane gets fucked because he refuses to adapt,1
lol that game was fucked for us,1
your mom is e,2
shut up bitches,2
drow is fucking animal,2
what an idiot,2
report these 4 retards,2
lol - killed by nooby drow ^^,2
son of shit,2
the hero is so shit,2
it is fucking unranked chill the fuck out,1
stfu stupid son of a bitch,2
mother fucker,2
ff fucking noob,2
fucking a lll nooob,2
sf why are you so fucking moron,2
faces so ugly like raven,2
BOBO KA TM EROY,2
that was such a noob move,2
FUCK NO,1
this team really sucks,2
fucking asshole,2
TRASH JUGGER,2
Vertcoin is a shitcoin,1
"and its not a shit coin, bud",1
vet is a shitcoin boi,1
proof that vertcoin is a shitcoin,1
wait bitches,2
EZ NOOB TEAM ?,2
invis mother fucker,2
luna whoreson,2
fucking monkey shit,2
report fucking french fron luna,2
shitfeeder coward motherfcuker,2
low morale low skill trash cunt,2
trash bristle,2
trash cw,2
i just get mad when ppl take mid and there mother is whore,2
your mom is a whore,2
whore is a genuine profession,1
pathetic animal xD,2
son of whore,2
Mad cause born in Russia,2
Only Russians use 'animal' 'dog' etc as insults.,2
Shame they had such a shit offlane,2
ez game with 3 russian dogs xD,2
losers win,2
HOPELESS ;;;;PUDGE FEEDING please end FASSSTTTTTTTTT,2
please >>> END FAST <<< (hopeless)  > push FAST please,2
please >>> END FAST <<< (hopeless)  > push FAST please,2
please >>> END FAST <<< (hopeless)  > push FAST please,2
please >>> END FAST <<< (hopeless feeders)  > push FAST please,2
please >>> END FAST <<< (hopeless feeders)  > push FAST please,2
please >>> END FAST <<< (hopeless feeders)  > push FAST please,2
please >>> END FAST <<< (hopeless feeders)  > push FAST please,2
please >>> END FAST <<< (hopeless feeders)  > push FAST please,2
please >>> END FAST <<< (hopeless feeders)  > push FAST please,2
please >>> END FAST <<< (hopeless feeders)  > push FAST please,2
please >>> END FAST <<< (hopeless feeders)  > push FAST please,2
suck carry,2
too basic mk plus noob lane,2
TANG INA ,2
 mira u gona get raped this game,2
fuck u too,2
the fckj is ur problem nyx?,1
mother fuck,2
fuck yea,2
i think this trash fag is muted too,2
stop pausing every time your mom takes a cum load to the mouth,2
THAT RETARD,2
so fucking easy,1
so fucking easy,1
spectard the niggard,2
what an easy fucking game,1
wtf is your problem,1
sup fatty? ever gonna catch me?,2
fuicking good smoke tacctics,1
"wt?f?asfU JGOFIDLK,YH",1
you must really suck,2
YOU HAVE IDIOT PLAYER,2
SUPER IDIOT,2
fuck off weab,2
